﻿,,,,,
Name of the Tool,Description,Weblink,Grade,Price,Remark
Edulastic,Powerful formative assessment tool tracks achievement of standards,https://www.edulastic.com/,K–12,"Free, Paid",Efficient platform supports teachers who are expected to assess and track student progress on meeting standards.
Nearpod,"Interactive slideshow tool engages students, promotes collaboration",,K–12,"Free, Paid",This effective tool leverages the capabilities of 1-to-1 environments and offers both teacher- and student-paced learning.
PlayPosit,Simple design makes it easy to jump into interactive video,, 2–12,"Free, Paid"," With features that are both basic and useful, it's an easy tool to learn; adding interactivity to video is a snap."
Edpuzzle,"Crop, customize, and remix online video content with interactive tool",,3–12,"Free, Paid","As a flipped classroom or student creation tool, there are lots of opportunities for use, but teachers will need to be creative if they want students to engage."
"Flipgrid
","Pose questions, spark thoughtful video responses with stellar tool",,3–12, Free," A simple way for students and teachers to create online discussion, as long as your classroom culture is mature enough to use it wisely."
Flipgrid,Flexible interactive presentation tool engages kids at school and home,,3–12," Free, Free to try, Paid",LessonUp is for teachers who like designing unique lessons to reach every learner.
Spiral,"Provide instant feedback with collaborative, multimedia assessment tool",,3–12,"Free, Paid ","Engaging, easy-to-use tool that supports both formative and summative assessment while allowing for student collaboration."
ClassFlow,"Robust lesson-creation, presentation tool offers built-in assessment",, 4–12,Free,"This powerful tool supports connected and blended learning from instruction to assessment, though it's best used to enhance already great instruction."
Pear Deck,Interactive slideshows offer a variety of ways to engage and assess,,4–12," Free, Free to try, Paid"," While it has some limits, the useful presentation features provide terrific options for formative assessment from any device."
GoClass,Deliver interactive lessons right to kids' mobile devices and tablets,,6–12," Free, Paid", Support learning in and out of the classroom with this multi-faceted content-delivery tool.
Classkick,"Easy-to-use, real-time monitoring, feedback, and assessment for 1-to-1",,K–12," Free, Free to try, Paid","It's a great option for teachers who want to go paperless, provide specific feedback, and encourage collaboration among students in 1-to-1 classrooms."
Mentimeter,"Call on everybody at once with flexible, interactive presentation tool",,K–12,"Free, Paid", This flexible tool supports the creation of dynamic presentations and can help teachers strike a balance between information and interaction.
Formative,"Superb real-time assessment tool a fit for 1-to-1, BYOD classrooms",,3–12," Free, Paid","Cleverly designed for teachers, Formative offers a flexible and attractive solution for gathering a variety of student response types and offering individualized feedback."
Kahoot!,Game-like student-response tool can spark competitive fun,,3–12,"Free, Paid", Effortlessly fun quizzing that can lead to productive formative assessment and student reflection if implemented effectively.
Plickers,"Useful, low-tech rapid-response tool promotes formative assessment",,3–12, Free,This can be a useful tool for teachers looking to get quick feedback or snapshots of understanding in technology-limited classrooms.
Sero!,Fresh approach to assessment through concept maps shows promise,,3–12 ," Free to try, Paid ",This unique formative assessment platform's success will largely depend on teachers to keep content meaningful and relevant.
Slido,Increase student buy-in with interactive polls and Q&A sessions,,3–12 ," Free, Paid", Engaging classroom response platform offers teachers and students real-time feedback opportunities.
Socrative,Formative and summative assessment merge in snapshot polls and quizzes,,3–12 ," Free, Paid", Powerful and easy-to-use student-response system has the potential to support responsive teaching.
Gimkit,Game-show group fun and independent study in one engaging tool,, 4–12,"Free to try, Paid",Put students in the driver's seat with collaborative setup and gameplay features.
Quizalize,Familiar game show-like quizzes with a few new features,, 4–12,"Free, Paid",Easy-to-set-up and mostly free way to assign quizzes and check for understanding with a handy but paid option for progress tracking.
GoSoapBox,Solid web-based clicker tool gives instant feedback,, 6–12,"Free, Paid ",The workable tool for online formative assessment offers a variety of worthwhile features.
The Answer Pad,"Simple, multipurpose assessment tool for the BYOD classroom",,6–12,"Free, Paid",A simple but flexible tool for paperless testing and engaging student-response activities in the classroom.
Poll Everywhere,Straightforward student-response tool does its job well,,7–12,"Free, Paid"," Great if you're looking for simple polling, but more robust features that make Poll Everywhere competitive with other apps come with the $50/year version."
Kaizena,Nifty add-on enables audio and text feedback in Google Docs,,6–12,Free ," If your classroom relies a lot on Google Docs, this might just be the feedback tool you're looking for."
Microsoft Teams,Collaborative platform helps manage multiple groups and projects,,6–12 ," Free, Paid ", It offers a ton of options for integrating learning; the lack of some typical LMS features may make it a better fit for small groups or nontraditional group configurations.
YO Teach!,"Backchannel tool offers interactive polls, drawing, messages, and more",,6–12, Free, Quick setup and multimodal features make this a great fit for a variety of carefully monitored classroom discussions.
"
Backchannel Chat","Real-time, moderated online discussions can engage and encourage",,7–12,"Free, Paid","Backchannel Chat offers a fun and safe way to hold real-time online discussions that might just increase engagement, interest, and even learning."
Parlay,Comprehensive discussion platform develops critical thinking skills,,9–12," Free to try, Paid ",A great tool in any subject or topic for teachers looking to make discussion a central part of their classroom.
"
Piazza","Advanced Q and A tool compels collaboration, higher-order thinking",,10–12, Free," Encourage collaborative, student-centered learning with this useful platform, but make sure it's the right fit for your students."
,,,,,
